No. of Peers,Max Pool Size,Processing Time
 10, 2, 0:00:00.000097
 1000, 10, 0:00:00.024230
 1000, 100, 0:00:00.212251
 1000, 1000, 0:00:01.052065
 10000, 10, 0:00:00.329390
